date,author,score,body
2019-12-30 16:01:32,SATexas1,7,"Best I can tell, as of 11am Eastern, everyone on this thread has lost money today."
2019-12-30 14:33:31,Big_Factz,8,Robinhood so fucking slow at open it really makes you lose money Jesus
2019-12-30 12:49:23,love2fuckbearasshoe,2,"OK FUCK TAXES !!

moving to PUERTO RICO !!!

or Nevada !!! 


https://youtu.be/gzkAQ_TkXPQ"
2019-12-30 12:26:43,nathanielx4,3,Spce and apps
2019-12-30 11:54:40,Rojamo2914,1,"Short vix, short Nasdaq. Buy aud/nzd and euro/usd"
2019-12-30 11:26:20,SpaceCatVII,1,I wish XLNX would stop going sideways :(
2019-12-30 11:14:46,subaeisgood,2,Lol AMD
2019-12-30 11:05:32,NoCarnage,-2,"Want to see me get downvoted? 

TSLA is a shit company"
2019-12-30 11:04:35,,1,Where TF is my daily thread.
2019-12-30 10:54:04,justinswagvila,5,Those futures are less promising than the ones i saw when I went to bed...come on aapl please moon.
2019-12-30 10:51:31,Not_reddits,1,u/winkerpack pulling another all nighter I see
2019-12-30 10:35:47,no_sporks,3,Japan and Europe are trading red and US futures are just like Â¯\\__(ãƒ„)__/Â¯
2019-12-30 10:34:50,SirKrohan,0,"Wtf is going on with RAD? It's gonna lose literally all its gains
...."
2019-12-30 10:34:39,urmommasman,2,"Hey listen mother fucker we only sing 80â€™s Joel, now take your skank hooker wife and get the fuck outta here."
2019-12-30 10:33:33,subaeisgood,2,"Euro is weak 

Then US can dominate 

Yolo now"
2019-12-30 10:32:04,subaeisgood,1,Either sideway or ATH
2019-12-30 10:27:30,ILoseTheMonies,0,"I have no idea where you guys are getting the idea that Monday is going to be red; all the premarkets are  B L O O D  G R E E N

(No but seriously where do you guys get your news?)"
2019-12-30 10:26:01,Muntberg,9,when's the first time you lads saw a naked put growing up
2019-12-30 10:25:34,subaeisgood,4,"Recession fear incoming 

OK THEN ATH"
2019-12-30 10:20:45,shmowker,1,Why is AMZN going down tho
2019-12-30 10:16:31,dawhizkid,2,"The fact that Tesla is pumping a story about delivering 15 cars assembled in China to China employees is a huge red flag IMO. Why do they need this story so badly?

Itâ€™s like bragging that I put together an IKEA bed in a warehouse in America and saying that I delivered the first IKEA USA bed ever."
2019-12-30 10:16:30,astafe,0,"Itâ€™s gonna be a flat day today , what I can see now"
2019-12-30 10:10:16,iamtony36,2,Looks like a red Monday incoming. Got too excited with China and Hong Kong being green but the rest of the world is hot red
2019-12-30 10:00:35,Muntberg,1,How do you calculate the IV of a stock without knowing its nature?
2019-12-30 09:54:34,SerCooper,3,Whereâ€™s the daily thread? Lazy ass gay ğŸŒˆmodsğŸŒˆ smh
2019-12-30 09:41:20,,4,"signed up to Disney+ last month and there's nothing left to watch......

Switched to the bundle just now and Hulu seems to have so much content. ESPN+ is straight up garbage"
2019-12-30 09:37:22,_Slayton_,4,"Everything is so high right now I don't wanna do calls but the fed is gonna keep pumping till mid jan so I don't want to do puts either.   


Wat do?"
2019-12-30 09:29:56,RubenZ217,2,Going to bed now xoxo. Sorry u/winkerpack my mom doesn't let me do all nighters
2019-12-30 09:23:09,the2xstandard,6,"I just read an article titled 'Jeff Bezos retains Crown' but all I could think about was him with that stupid fucking look on his face, wearing a dress and a tiara on his bald head like some fucked up Miss Billionaire pageant.  Then Bill Gates, also wearing a dress runs up to congratulate him, and they both start screaming then hugging then laughing then crying.  Couldn't even tell you what it was about."
2019-12-30 09:20:26,ChinaUnfairGoingWell,1,Should I stay up all night and watch trailer park boys?
2019-12-30 09:11:18,winkerpack,5,#ğŸ…ğŸ¿ğŸ‘‰ğŸ¿ğŸ‘ŒğŸ»ğŸ¤¶ğŸ»
2019-12-30 08:41:39,oregon_forever,25,My wife likes getting food that is 2-3 days away from expiration date because they are cheaper at grocery stores and we usually end up throwing the food away. It's like buying FDs.
2019-12-30 08:37:05,Nghtmare-Moon,1,SRNE about to launch to the moon
2019-12-30 08:36:07,Evie_Chandler,0,"Oh fuck, are my calls fucked?"
2019-12-30 08:34:29,DamnBruhChill,3,I get to trade from home for the first time tomorrow!
2019-12-30 08:28:22,winkerpack,-2,How many of you do a *sticky* then bed every night?
2019-12-30 08:24:11,mynameisjoe78,7,BLğŸ¤¢ğŸ¤¢D GREEN ğŸ¤®ğŸ¤‘
2019-12-30 08:18:14,MarsOrBusted,2,What would be good stonks to get into before CES?
2019-12-30 08:16:31,DarkKnightAccord,2,Buying AMD and Fastly shares
2019-12-30 08:13:38,teegacy,1,Praying $AAPL doesnâ€™t stay down for too long
2019-12-30 08:13:30,subaeisgood,3,Wtf is euro market
2019-12-30 08:08:14,ChinaUnfairGoingWell,4,I watched the trailer for Blackfish and now Iâ€™m sad
2019-12-30 07:43:23,ChinaUnfairGoingWell,11,"alright folks, lets get this bread"
2019-12-30 07:39:14,techdude210,12,Deposited another 1k for the instant access gonna yolo amd calls at open.
2019-12-30 07:38:34,stormwillpass,5,"How does moving to a state with no state income tax work?

Do I actually have to live and trade there, or just have a state ID and address there?

Asking for a friend."
2019-12-30 07:38:11,winkerpack,5,Midgetfarm is a k pop fan
2019-12-30 07:36:27,yinatom,2,DAH KING AH DAH NORF ğŸ»ğŸ»
2019-12-30 07:30:32,winkerpack,-5,There are so many secrets about me lol
2019-12-30 07:24:28,tdotz123,14,"CNBC keeps tryna bump their shitty Ed Yardeni 10-20% Bear trap article. 

Not falling for that trick buy calls.

Only story that matters is STONKS ONLY GO UP."
2019-12-30 07:23:46,MirSatellite,1,See how well I do in my stock simulation.
2019-12-30 07:22:44,fairygame1028,2,If I daytrade options up to the 31st do those still count for 2019 taxes?
2019-12-30 07:21:01,DaSmartGenius,7,"Wait, Fidelity offers commission free options? I thought it was only stonks that were commission free.

Why the fuck does anyone use Robinhood"
2019-12-30 06:59:10,dawhizkid,7,"China Crispr scientist sentenced to 3 years in jail. 

Guessing this is no bueno for Crispr stonks."
2019-12-30 06:57:23,winkerpack,5,"Kool aid jammer

I wish I could learn how to dab. I've watched a ton of videos and still cant do it ğŸ˜‘"
2019-12-30 06:56:15,,-12,Fuck you
2019-12-30 06:56:12,TequilaTrader,4,WSB kind of all over the place tonight.
2019-12-30 06:55:30,dungbat83,7,"Holy shit. Old man is John wick
https://www.star-telegram.com/news/local/crime/article238807963.html"
2019-12-30 06:49:13,Muntberg,12,if i 100% believe daddy trump to win reelection and bring the markets to even greater heights what do i buy?
2019-12-30 06:45:51,sadlone,7,Might just go all in on apple calls at open.
2019-12-30 06:38:47,love2fuckbearasshoe,7,BUY BA$ !!
2019-12-30 06:30:42,Cnastydawg,32,Just watched a head on collision. Drunk driver. Donâ€™t drink and drive boys. Itâ€™s not worth it. The drunk guy was screaming â€œOw! It hurtsâ€ as he was being pulled out of the truck.
2019-12-30 06:29:38,buy_da_dip_yo,5,tsla competitors always come out at CES
2019-12-30 06:29:13,KnifeOrFire,1,I wanna buy fb puts. Anyone else want to as well?
2019-12-30 06:21:30,RubenZ217,4,futures kinda green i guess
2019-12-30 06:16:03,Evie_Chandler,3,"What would be the best (flattest) time to transfer all my shit from RH to ToS? Or should I hold, like, stocks (gross) or long-term options while they transfer?

Yes, I know it's only three business days. But that's half a business week! I don't have time to go to Vegas and I need my gambling fix!"
2019-12-30 06:15:48,punisherlol,3,"Hong Kong, trade data for November is set to be released in 2 hours."
2019-12-30 06:13:03,Not_reddits,10,my new years resolution is to YOLO harder and to hold my bags with diamond hands
2019-12-30 06:12:52,Nomadic_Marvel07,4,TSLA open at 440 tomorrow?
2019-12-30 06:04:22,,11,"I hope you all had a wonderful Christmas and keep being chill and happy going into the new year. I wish you all many tendies in 2020. 

P.S. fuck r/personalfinance"
2019-12-30 05:56:07,Truethoughts92,6,Fuck I'm horny and wifey at work. Which sub do you fuckers use? I like r/legalteens r/collegesluts r/milf and r/realgirls lmao fuck man help out your fellow trader ğŸ¤£ğŸ¤£ğŸ¤£
2019-12-30 05:52:53,,6,so after AMD and TSLA what's the next great rally going to be
2019-12-30 05:49:11,tdotz123,23,Trump is a genius he made gyna buy a bunch of soy which means they're all gonna have man boobs and be super beta by the time phase 2 rolls around from the increased estrogen.
2019-12-30 05:47:50,punisherlol,-15,Lets have a red monday!
2019-12-30 05:47:41,slinkymello,4,Whatâ€™s a good movie? I feel like Iâ€™ve seen them all. Finna buy NFLX puts
2019-12-30 05:43:49,Actual_Peasant,3,Taking a red eye to Miami rn and I know when I get off the plane futures will have taken a fat shit.
2019-12-30 05:43:46,throwaway_0x90,3,"VBIV has been treating me good, using 2K to repeatedly buy @ $1.22, sell @ $1.28.
If it dips again, gonna just keep doing that. Maybe increase to 3K or wait for $1.30+
Also according to [biopharmcatalyst.com](https://www.biopharmcatalyst.com/calendars/fda-calendar) I think VBIV is close to getting an FDA Phase3 Verdict so if I get stuck bagholding it, maybe it'll turn out for the best..... maybe."
2019-12-30 05:43:29,SomeComparison,4,Buy some OTM $SPY puts to hedge against all these ITM calls I'm holding.
2019-12-30 05:41:54,JustAGuyOnABuffalo,2,"Hey, you up?"
2019-12-30 05:37:31,IWorkForTheEnemyAMA,8,Hoping that Nasdaq futures being up means amazon will gap up tomorrow pm
2019-12-30 05:34:04,TequilaTrader,6,Does anybody have the details of the phase 1 agreement with China?  I canâ€™t seem to find the details anywhere?
2019-12-30 05:33:53,Vast_Cricket,6,Trying to unload part of AMD acquired accidentally itm. It will probably do OK later in 2020.
2019-12-30 05:32:33,Not_reddits,17,To remind you all of futures. See above
2019-12-30 05:29:19,snoooooooooo,8,Mods if youâ€™re on this thread approve my meme already ğŸ˜¡
2019-12-30 05:25:00,Nomadic_Marvel07,2,WBA calls till the 6th then switching to puts before earnings on the 8th.
2019-12-30 05:22:07,snoooooooooo,1,"[Does anybody know if this is accurate ](https://walletinvestor.com/stock-forecast/amd-stock-prediction) 
ğŸ˜³"
2019-12-30 05:21:47,lestruc,4,When can I log into TOS with my schwab account?
2019-12-30 05:19:59,,3,Hope BA goes down so that i can add in my roth ira
2019-12-30 05:18:59,Yogi2028,1,What about KMX?? Itâ€™s been very over sold and momentum is gaining. Could see a recovery this week.
2019-12-30 05:15:21,,3,I love you.
2019-12-30 05:11:45,ShogunLos,6,Need an adderall plug. Iâ€™ll trade my AAPL calls for a couple grams
2019-12-30 05:11:41,oriolesa,2,"ğŸ…¿ğŸ…¿

ğŸ¤—ğŸ¤—ğŸ¤—"
2019-12-30 05:10:53,wowasg,5,Historically do people pull money out of the stock market on the 1st of Jan?
2019-12-30 05:02:46,winkerpack,10,It's now monday. Welcome to the all nighter team ğŸ‘ŒğŸ»ğŸ¤«ğŸ˜
2019-12-30 05:02:19,YeOldeFirstTimer,5,lordy I need more adderallğŸ˜›ğŸ˜›ğŸ˜›ğŸ˜›ğŸ˜›
2019-12-30 05:00:44,makotomike,12,"HOLD.

THE.

LINE.

BULLGANG ALL IN MSFT 160c"
2019-12-30 04:59:03,YepRabbit,6,"Tesla starting to deliver Made in China car officially today, TSLA $450 end of week confirmed."
2019-12-30 04:58:31,black_and_shredded,2,"If AMD has another red day, Iâ€™m thanking the tendie god for the chance to aboard the tendie train and buying leaps"
2019-12-30 04:55:50,rbnihood,5,"Whatâ€™s the downside to selling calls or puts that are like 15% OTM or more, expiring within a week, and just netting the (small) premiums?"
2019-12-30 04:53:44,TheHydroElite,13,I was a bit worried about my Calls... then I remembered stonks only go up.
2019-12-30 04:53:44,Boonboonspy,7,"SPY will go higher at this momentum. Once the phase 1 deal signing ceremony is confirmed. Based on past trend, market always go higher when Trump and Xi meets in person. After which there is a possibility Trump tried a sucker punch at Xi again. Thetha gang till early Jan."
2019-12-30 04:53:35,illestdad1,5,TSLA $440 has 3k increasing volume calls for this week 1/3.
2019-12-30 04:52:30,greentea45,2,"probably going to buy gold puts. it usually tops out around here, dont really see it going past 1525...

just went in on 1x /GC 1510p 1/10."
2019-12-30 04:51:56,g1tgudscrub,1,"$MDR has a solid reversal, and expecting 2 news PRs within a month.

Expectations are double to triple its current SP."
2019-12-30 04:51:30,Ricericebaby0923,4,Would buying a $290 SPY put for 1 year out be retarded?
2019-12-30 04:48:38,gatoken1,-9,"Btw jesus was a gangbang baby

Mary just didnt want to let everyone know she a hoe ğŸ˜¯"
2019-12-30 04:45:34,,-6,Midnight **AMA** ask why a lady such as myself doing on WSB
2019-12-30 04:42:47,WhiskerTwister,9,SPY 330 EOW
2019-12-30 04:41:40,justinswagvila,4,Aapl bout to pay my mortgage tomorrow
2019-12-30 04:36:47,Luv2fukmarrriedwomen,13,Bro how do you get a delay of game on the 1 fucking yard line just get to the line and give it to lynch fuck
2019-12-30 04:35:12,garebearzzz,2,Thoughts on $BA tomrrow? Another pump to limp dick by end of day?
2019-12-30 04:32:39,Mookypooks,0,"Gold trading somewhat sideways, possible daily bull flag? Was expecting more consolidation than this"
2019-12-30 04:31:05,micray1,2,Buy NVDA
2019-12-30 04:29:40,HereForMadden,2,"So why shouldn't I sell otm naked puts that expire this week, but sell like 1000? Then pocket like 400k?"
2019-12-30 04:29:37,23therealme23,7,Anyone else holding MSFT calls?
2019-12-30 04:25:09,brownhairybear,2,Dollar getting anally raped rn.Pyjama traders are gheyğŸŒˆ
2019-12-30 04:22:58,justinswagvila,6,We gonna be seein the moon in our rear view tomorrow boys
2019-12-30 04:19:50,WorthyAlpaca,8,I need you AMZN to do another 1% thing
2019-12-30 04:18:07,,6,Well Iâ€™m starting the week off right I won my fantasy football league ğŸ˜
2019-12-30 04:17:59,23therealme23,8,All I see is GREEN GREEN GREEN
2019-12-30 04:15:47,silverserpent67,2,Whats ROKU doing tommorrow
2019-12-30 04:13:03,HowLongCanIMakeAName,6,Amanda please
2019-12-30 04:12:53,winkerpack,-16,Please stop making light of all nighters guys. They arent just some joke . They're serious business and extremely hard to do.
2019-12-30 04:12:10,brownhairybear,2,The 5 minute charts are pretty fucked up rn
2019-12-30 04:11:46,LessThanCleverName,1,"Anyone playing SRNE data, good coin flip."
2019-12-30 04:11:08,Mirithyls,2,Something something blood green open tomorrow
2019-12-30 04:10:05,LikeMyNewHat,5,"Seahawks vs 49ers.  Green vs Red.

Let's see what happens..."
2019-12-30 04:04:00,Tanav11,-1,ROKU please go back to 140
2019-12-30 04:00:49,mw8912a,5,Yolo weekly calls on whatever gaps up 1%
2019-12-30 03:59:55,Tiger_Backwoods,0,$COST Jan 10th $305 calls
2019-12-30 03:59:51,Madeupnamelol,2,Thoughts on OLED ATM Jan/Feb Calls?
2019-12-30 03:56:30,Midgetfarm,7,"L2FMW loves dick in ass

kicked out of special ed class

By the grace of god he found wendy

Serves up fries and chicken tendies"
2019-12-30 03:55:27,WhynotJ,3,[The disrespect on Queen Su](https://imgur.com/gallery/eAIM7pO)
2019-12-30 03:50:30,Better_with_toast,11,"Lmfao, green futures again.

I dont remember red futures, I literally cant."
2019-12-30 03:48:44,yachtsandthots,4,Beast Mode!
2019-12-30 03:48:33,LaMeraVergaSinPatas,3,"sold RAD calls @ $24

Holding 410/450 TSLA IC tight for 1/3

SHORT BB FUCK YOU BLACKBERRY

BA calls with SPR strangle 

Long SPCE shares, selling covered puts 

UBER puts all damn week

MSFT calls"
2019-12-30 03:46:51,wolf_of_wall_mart,4,"another day goes by that I can still say Iâ€™ve never slammed back a shot of my own piss.

BRO ğŸ‘‹ğŸ˜âœŒï¸"
2019-12-30 03:46:48,Iwouldbangyou,5,Iâ€™ll probably sit around and jerk off and wish I had the balls to buy more Tesla
2019-12-30 03:42:30,Lagaru,6,Shanghai up almost 1%
2019-12-30 03:42:18,asml84,1,"Is there significant correlation between broad market indices and USD? Intuitively, Iâ€™d think that a recession would lead to a stronger USD."
2019-12-30 03:38:17,The_Pandemonium,14,Boutta watch the wolf of wallstreet. You guys probably never heard about it but it's about stocks and shit. Pretty cool
2019-12-30 03:35:32,Mr_Nintendont,8,can we get AMZN $1950 by eoy plz
2019-12-30 03:33:35,Big_Factz,2,Niggas said the market push and pull but I only see push
2019-12-30 03:28:43,MonkeyFishy,19,"There is a house called Wall Street Bets

Their memes are overdone

And it's been the ruin of many a poor 'tist

And God I know I'm one

&#x200B;

My mother was a hooker

She posed in magazines

My father went for smokes one day

Down in New Orleans

&#x200B;

Now the only thing an autist needs

Are some tendies and some crunk

And the only time he's satisfied

Is when he's pegged by Su Bae

&#x200B;

Oh mother tell your children

Not to do what I have done

Spend your lives in Puts and misery

In the House of the Autistic ones

&#x200B;

Well, I got one foot on the platform

The other foot on the train

I'm goin' back to Robinhood

Where all the autists reign

&#x200B;

Well, there is a house in New Orleans

They call it Wall Street Bets

And it's been the ruin of many a poor 'tist

And God I know I'm one"
2019-12-30 03:26:49,redlotus70,10,If the market doesn't tank tomorrow morning I'm buying $78k of amazon 1880 calls expiring Jan 20
2019-12-30 03:26:16,Midgetfarm,7,"2019 GOLD RALLY MIDGET TALLY

RELEASED - ğŸ¤¸â€â™‚ï¸ 

SACRIFICED - ğŸ’€ğŸ’€ğŸ’€ğŸ’€ğŸ’€ğŸ’€ğŸ’€ğŸ’€ğŸ’€ğŸ’€ğŸ’€ğŸ’€ğŸ’€ğŸ’€ğŸ’€ğŸ’€ğŸ’€"
2019-12-30 03:26:02,kfuzion,1,"$BE 2/21 $5 puts. Complete fraud of a company,  unprofitable small/mid cap paying out $10s of millions in total comp to executives. 

Going to hold off in hopes that it spikes a little.   Next green day."
2019-12-30 03:25:09,YangGangBangarang,3,"If stonks only go up, why not all in on direxion daily 3x bull calls?"
2019-12-30 03:21:08,Smanjin3290,7,Pray for me boys. I'm all in on NIO
2019-12-30 03:16:35,Matrix1216,11,I hope we donâ€™t dump tomorrow morning ğŸ™
2019-12-30 03:16:24,Analfarmer1,5,I'm pulling an all-nighterğŸ˜ if anyone can get some â„ğŸŒ¨around Loisaida lmk ğŸ‘ŒğŸ™ğŸ‘
2019-12-30 03:12:33,ILoveTheAtomicBomb,8,Put credit spreads on AMD + AAPL
2019-12-30 03:11:31,HereForMadden,8,"The play is to day trade spy tomorrow right?

Also should I sell MSFT 1/03 $160c in the morning? Up about 80%"
2019-12-30 03:10:33,,5,"why is hang seng and shanghai up but nikkei down? anyways, american stock market tends to inverse asian stock market, so beware bulls. we may get a surprise analfisting tomorrow"
2019-12-30 03:06:14,paperboythegod,38,Being a bear was the dumbest decision of my life.
2019-12-30 03:03:43,numbnah,4,Buying puts Jan 1
2019-12-30 03:00:36,benjamminson,5,VFF $9 Call Jan 17 after open dip
2019-12-30 02:59:24,Not_reddits,12,Bro ğŸ˜ğŸ’ªğŸ»
2019-12-30 02:54:40,HowLongCanIMakeAName,4,Hey guys
2019-12-30 02:54:02,Nghtmare-Moon,3,[Is SRNE about to moon?](https://trentdailytimes.com/2019/12/29/brokerages-set-sorrento-therapeutics-inc-nasdaqsrne-price-target-at-21-00.html)
2019-12-30 02:50:45,abiech,6,"I was just banned from r/robinhood?

https://imgur.com/gallery/pnfTLJH"
2019-12-30 02:49:39,,5,"Another day, another ATH."
2019-12-30 02:49:16,Shmokesshweed,4,"Can we get a Top Shitposter of 2019 contest going?

Don't wanna brag but I'm at least Top 5,000..."
2019-12-30 02:48:24,schnellasnail,1,Why is same bs posted day after day -drive hr extra for dbl pay  REALLY
2019-12-30 02:48:03,YangGangBangarang,4,"Sunday night before recession happens, what will  wsb look like?  SPY to the moon?"
2019-12-30 02:47:59,benjamminson,0,"Down with the Oligarchy! The One True Enemy. Unite Donâ€™t Fight! Red and Blue, Brown and White!"
2019-12-30 02:38:57,Luv2fukmarrriedwomen,3,"So s&p futures are up 0.16 but implied open according to CNBC is only 0.01 


How does that work?"
2019-12-30 02:37:55,migbyo,8,IF YOU DONT HAVE AN EXIT YOU DONT HAVE A GAME
2019-12-30 02:37:37,bobvonbobby,8,I need a .4% SPY day for good monies.
2019-12-30 02:37:34,staannlee9,4,"Laugh at me all you want, but sony, cashapp, and dell are all smart low cost plays with huge returns if times correctly"
2019-12-30 02:37:20,winkerpack,4,Wawa doesnt have ramen. Wow. Wtf. All Gas stations should have that.
2019-12-30 02:32:47,YeOldeFirstTimer,11,snorted hella adderall o boiğŸ¥µ
2019-12-30 02:32:07,VacationLover1,25,"**JEFF BEZOS, GIVE ME THAT BIG DICK ENERGY**

AMZN $2,000 ğŸ†ğŸ’¦ğŸ†ğŸ’¦"
2019-12-30 02:31:21,Lagaru,16,Chyna markets up bigly. Futures are soaring. SPY 325 tomorrow confirmed.
2019-12-30 02:29:33,KimBooJoong,3,fuck
2019-12-30 02:28:25,galactictaco42,2,"Do you guys think Robert Beltran is a nice guy?

Like in person?

I bet hes a nice guy"
2019-12-30 02:26:33,mehman11,10,A meltup still seems like max pain right now. Lots of people afraid to buy right now and people expecting a pull back after Friday.
2019-12-30 02:25:40,TequilaTrader,6,Datadog ğŸ¶ and Twilio are going to ğŸŒ™.  DD is MF recommendation.
2019-12-30 02:23:42,Hush_Drop,-9,I actually think the market is going to open  red tomorrow and make it's way back by friday. But  that's just my opinion. No harm intended.
2019-12-30 02:22:44,ev01ution,32,Would you travel an hour to work if they double your salary?
2019-12-30 02:22:02,wastedcoconut,14,"Waited and bought ITM calls on AMD and MU and slightly OTM calls on MSFT late Friday when prices dropped. All expiring at least 3 weeks out. Made a chart and tracked usual weekday movements and my plan is to dump on Thursday around 9:30am central time.

I donâ€™t know what Iâ€™m doing or why Iâ€™m doing this. I just like the niche memes on this sub and I want to feel included."
2019-12-30 02:21:42,tdotz123,6,Gyna shares  down Merica futures up the fuck is going on
2019-12-30 02:20:28,Sketchdota,5,Futures green but SHOP going down tomorrow don't @ me
2019-12-30 02:09:00,jonnydoo84,18,I feel like my farts are worse mid day then morning.
2019-12-30 02:08:17,M0ngoos,12,ğŸš€ ğŸš€ ğŸ‡ºğŸ‡¸ ğŸ‡ºğŸ‡¸ ğŸ¦… ğŸ¦… ğŸ’° ğŸ’°
2019-12-30 02:07:23,ZeusThunder369,1,"Why is SPY open for trading right now, but msft, amd, Amazon, etc... Are not?"
2019-12-30 02:06:23,CarminSanFrancisco,11,Should I eat some weed gummies? All I ate today was a bacon egg and cheese on an everything bagel
2019-12-30 02:03:27,,24,"alright its only fair for bulls to have a +1% day tomorrow cuz of that recession on friday. we have to be fair here. we had a recession on friday, so its only fair for the bulls to have a turn at a good day now? amrite?"
2019-12-30 02:03:20,Not_reddits,11,Cheers to anyone who blew up their account by playing ROKU calls
2019-12-30 02:00:38,winkerpack,12,"For 2019 I am thankful for how long this *sticky* sub has gone down hill. Here's to more all nighters, money lost, and doing all the wrong things in 2020

ğŸ»"
2019-12-30 02:00:31,SerCooper,7,Full confidence my autistic calls will moon while Iâ€™m at meps getting my heart checked out.
2019-12-30 02:00:08,satireplusplus,2,ğŸ¦…ğŸ’ª
2019-12-30 01:59:40,oregon_forever,12,"Morgan Stanley: Tesla could be worth from $5 to $500.

Elon Musk: Hold my beer."
2019-12-30 01:59:17,oregon_forever,13,Indeed futures are green after Friday's bloodbath of -0.03%.
2019-12-30 01:57:59,abiech,4,"Buy more sell less, cannot possibly go tits up."
2019-12-30 01:57:51,seanjbln,5,Anyone holding $AMD puts? I got 1/3 expiry
2019-12-30 01:57:09,Not_reddits,3,.
2019-12-30 01:57:01,satireplusplus,4,ğŸ“ˆğŸ“ˆğŸ“ˆ
2019-12-30 01:56:22,xEightyHD,1,Does the WSB discord still work? Kinda want to see the Hell that goes on in there.
2019-12-30 01:56:17,winkerpack,5,Imma head to WaWa
2019-12-30 01:53:35,satireplusplus,4,blood green ğŸ“ˆ
2019-12-30 01:52:56,satireplusplus,8,winker has gone down hill
2019-12-30 01:52:51,winkerpack,5,*How long* until next ER rush?
2019-12-30 01:52:16,yinatom,8,Gonna make so much fucking money tomorrow lmao fuck just kidding but imagine
2019-12-30 01:51:24,HowLongCanIMakeAName,0,This sub has gone down hill
2019-12-30 01:49:25,Midgetfarm,18,What is the real profit is the friends we made along the way. For that reason I think QE was worth it
2019-12-30 01:47:40,Lagaru,3,What do you guys think of edibles? Also buy SPCE calls.
2019-12-30 01:47:36,LlidD,2,"I have 18 IOTA on Bitfinex that is too little of value to liquify or trade.   
My goal is to turn that 3 dollar bill into a trip to the moon."
2019-12-30 01:47:12,fieldG,4,"Even our options (American options) are more free than the rest of the worldâ€™s (Europeans only can exercise at expiration or Asians (some weird averaging shit)).

ğŸ‡ºğŸ‡¸ğŸ‡ºğŸ‡¸ğŸ‡ºğŸ‡¸ğŸ‡ºğŸ‡¸ğŸ‡ºğŸ‡¸"
2019-12-30 01:43:33,VacationLover1,5,**AMZN $2000 TOMORROW AND IMMA BUSS**
2019-12-30 01:38:26,sadlone,6,"###Give me good plays to YOLO on???

I have $$5,000 to throw away.

Give me your blessings brothers,

Give me your tendies."
2019-12-30 01:37:10,wolf_of_wall_mart,2,Iâ€™ll take a shot of my own piss for the flair Iâ€™m deserved of
2019-12-30 01:36:48,MC20177,9,Get rich off Apple and Spy
2019-12-30 01:34:46,winkerpack,6,This sub has gone down hill
2019-12-30 01:30:08,-codename11,4,tsm 4 dayz
2019-12-30 01:30:05,yachtsandthots,0,"Just took an edible, drinking Mind Haze and watching the 49ers Seahawks game. Life is great. 

Also wtf is a seahawk?"
2019-12-30 01:28:09,shmoneyteam95,3,$APPS
2019-12-30 01:27:06,YepRabbit,4,$NIO
2019-12-30 01:26:08,Midgetfarm,1,"Ima need winkers ass to stay flat tn, I feel it"
2019-12-30 01:25:55,Irrelephant_Username,3,Watch SPY hit 310
2019-12-30 01:25:29,barelyreadsenglish,4,Need BA to fucking go to mars because the moon is not enough for my calls
2019-12-30 01:25:11,WallStreetBitch,2,Iâ€™m willing to live with the midget genocide for silver to have a -10% day.
2019-12-30 01:20:56,HowLongCanIMakeAName,1,"Ima need Amazon to be down big tomorrow, I feel it

Why did I get ignored tf lol"
2019-12-30 01:19:27,Eman2105,8,If spy hits 325 before Friday I'll get a spy tattoo
2019-12-30 01:18:41,WallStreetBitch,7,"Anyone else paying homeless guy to let you beat the shit out of them, like my boy Tyrell Wellick?"
2019-12-30 01:17:55,Lagaru,2,"Currently sitting on these positions.

3 SPY calls 322 strike 323.60 breakeven Expires on 1/3/2020 already up 40% when we closed Friday 

3 SPCE Calls 12.50 strike 13.00 breakeven Expires on 1/17/20 up 6% Friday close.

1 powerball ticket

Am I cucked?"
2019-12-30 01:14:26,chessiechoice,1,For any bears... [sunk cost fallacy ](https://www.behavioraleconomics.com/resources/mini-encyclopedia-of-be/sunk-cost-fallacy/)
2019-12-30 01:10:05,migbyo,3,What's one thing I can learn tonight to make me better at this?
2019-12-30 01:09:18,oregon_forever,15,Remember when Netflix used to have amazing documentaries? Now their documentaries are on par with Youtube videos in terms of quality.
2019-12-30 01:08:54,charltonstrait,5,Who is theta?ğŸ¤” and what is this gang heâ€™s in
2019-12-30 01:06:10,,4,America can't keep winning like this! Been too long without a correction. I'm going to to squander money betting on commodities until there is a few consecutive red days.
2019-12-30 01:02:05,winkerpack,-13,"Ima need Amazon to be up big tomorrow, I feel it

Why did I get upvoted tf lol"
2019-12-30 00:59:34,CarminSanFrancisco,3,blood greem
2019-12-30 00:59:11,LEROYJANKUM556,6,not going to lie that apple card looks badass. magine lining up some gator tails with that bih.
2019-12-30 00:55:11,oriolesa,1,"ğŸ…¿ğŸ…¿

ğŸ¤—ğŸ¤—ğŸ¤—"
2019-12-30 00:54:19,averagejoey2000,3,"AMD earnings debit spread. I'm closing my Robinhood at the end of January, so I'm selling everything"
2019-12-30 00:52:05,Yogi2028,2,Buy a put on ITCI??
2019-12-30 00:46:13,,5,Thoughts on V? Fuckin unshakable
2019-12-30 00:45:33,satireplusplus,5,stonks only up ğŸ“ˆ
2019-12-30 00:45:26,BrilliantHook,2,Shop 422.5 end of week call.
2019-12-30 00:45:18,Bustincherry,4,Been on 4 flights this week and everyone has AirPods. Apple to $420
2019-12-30 00:43:41,Lagaru,5,Spy 325 twmmrw plz
2019-12-30 00:41:44,SlightlySalty007,1,GameStop puts?
2019-12-30 00:40:18,iliveforedm,4,ğŸ¦…ğŸ¦…ğŸ¦…ğŸ¦…ğŸ¦…ğŸ¦…ğŸ¦…ğŸ¦…ğŸ¦…ğŸ¦…ğŸ¦…ğŸ¦…ğŸ¦…ğŸ¦…ğŸ¦…ğŸ¦…ğŸ¦…ğŸ¦…ğŸ¦…ğŸ¦…ğŸ¦…ğŸ¦…ğŸ¦…ğŸ¦…ğŸ¦…ğŸ¦…ğŸ¦…ğŸ¦…LETS GOOOOOOOOOOOOO
2019-12-30 00:39:42,brownhairybear,1,"Bulls are in for a surprise.Swiggly lines screaming sell to me rn.

ğŸ»ğŸ»ğŸ»"
2019-12-30 00:36:22,NoftScarlet,-9,Blood red by opening ğŸ»ğŸ»
2019-12-30 00:36:21,,1,Lots of CORV shares and BAC/FB/AMZN puts.
2019-12-30 00:32:19,tendiezinmydckies,8,Futures r the mods improvised cucumber dildo green
2019-12-30 00:29:54,csgololcodhs,2,How do I join the discord.
2019-12-30 00:29:32,winkerpack,4,"Fuck marry kill 

ğŸŸğŸ ğŸ¡ğŸŒ´, ğŸ¦“ğŸŒŠ, ğŸµğŸŸ"
2019-12-30 00:26:19,Big_Factz,-26,"Ima need Amazon to be flat tomorrow, I feel it

Why did I get downvoted tf lol"
2019-12-30 00:25:41,wrmcnay,3,Should I get out of my AMD calls or let it come up?
2019-12-30 00:24:39,bobvonbobby,12,Selloff is done commence rocketship
2019-12-30 00:22:22,MonkeyFishy,4,"Remember bois, futures are bigly ğŸŒˆ"
2019-12-30 00:14:13,,3,"hopefully selling Ford if it hits 9.50

might yolo (17k) acb for a few cent ride"
2019-12-30 00:13:50,Professor-Sledge,7,Futures un ripping - I donâ€™t understand.
2019-12-30 00:13:38,webulltrade,3,The market takes 10 steps forward and 1 step back. You can wait for those 1 step backs but probably better to just go long and hold until November. Use the extra time to do something else.
2019-12-30 00:11:04,FixTheirToilet,4,Amazon call option for 1/24. Price predictions?
2019-12-30 00:10:18,ThaiTerry,1,Anybody gonna play TSM ?
2019-12-30 00:06:19,Midgetfarm,24,"THEY ARE LETTING TRANS WOMEN COMPETE IN OLYMPICS

OUR GIRL u/winkerpack HAS A SHOT AT GOLD THIS YEARS SPECIAL OLYMPICS"
2019-12-30 00:06:04,LiquidityMan,4,Gonna keep dippin' my dick deeper in Luckin's hot sweet cream cheese topped oolong tea. Ooh yeeaah.
2019-12-30 00:05:01,oriolesa,-3,"ğŸ…¿ğŸ…¿

ğŸ¤—ğŸ¤—ğŸ¤—"
2019-12-30 00:04:00,uniaintshit,10,Get rich or whine trying
2019-12-29 23:59:40,DrUNC83,0,"Need to open $.  PYPL 1/17 $110 calls gonna print. Need to open $ for some tomorrow.

Fuck so many options I want and $ tied up"
2019-12-29 23:59:05,MP1182,7,Does the stock market still sell puts anymore?
2019-12-29 23:59:00,,6,remember when futures were up +0.3% on Friday? THEN WE BULLS GOT FUKED WHEN EVERYTHING WENT INTO RECESSION MODE. then we recovered a bit. BUT THEN ALL TEH PUSSIES SOLD OFF END OF DAY ANMD WE EMNDED BLOOD RED.
2019-12-29 23:58:54,mynameisjoe78,3,Goddddx Iâ€™m so bored should I take something to sleep rn so it can be tomorrow already
2019-12-29 23:58:24,FreshPoet,2,Anybody looking at AAL?
2019-12-29 23:56:09,Sinadins,9,baby yoda green
2019-12-29 23:55:09,Guygenist,5,"Good news, Iâ€™ll be able to fund my account again,. My mortgage broker found me a lender who is giving me $8k in closing credits for my new home. Iâ€™m gonna use that $8 Iâ€™m saving to yolo again"
2019-12-29 23:55:01,nordmys,3,PYPL calls for the earnings run-up?
2019-12-29 23:54:17,Midgetfarm,4,THE MIDGETS ARE SAFE FOR NOW
2019-12-29 23:53:49,GymnasiumPants,4,"Sleep til noon, black coffee, sit and ponder when and how to move everything into gold."
2019-12-29 23:51:34,wolf_of_wall_mart,13,ğŸ¥´ <â€”â€”â€”â€” I look like this guy
2019-12-29 23:48:53,Ardesic53,4,Waiting for the 31st
2019-12-29 23:45:39,BrilliantHook,3,APRE anyone?
2019-12-29 23:31:45,__fritzz,7,watch my bbby calls plummet to the ground
2019-12-29 23:29:39,akstock,12,What are the risks that a 3x leveraged etf (lets use SPXS) goes up in smoke like the VIX Credit Suisse fund in 2018?
2019-12-29 23:29:31,Citizen_Montag,4,What do we short when Burger Kingâ€™s â€œimpossible burgerâ€ goes tits up with articles stating that the â€œno meatâ€ burger either contains meat or was cross contaminated with meat?
2019-12-29 23:28:26,Fried_Torgue911,11,"No moves, waiting for clear to get my shit over to TDA. Fuck RH."
2019-12-29 23:27:01,satireplusplus,8,Blood green
2019-12-29 23:26:10,Hegemon90,1,Why is nasdaq futures -200 from close but green ğŸ¤”ğŸ¤”?
2019-12-29 23:25:14,bobvonbobby,11,AMZN better hit 1950 this week
2019-12-29 23:24:57,,6,">	Futures up .20%

>	Futures barely moving

Pick one"
2019-12-29 23:24:54,satireplusplus,1,+0.11%
2019-12-29 23:19:50,winkerpack,6,"https://www.reddit.com/r/wallstreetbets/comments/ehbi17/z/fcidarv

ğŸŸğŸ ğŸ¡ğŸŒ´ğŸ³ï¸â€ğŸŒˆğŸ‘€ğŸ‘€ğŸ‘€"
2019-12-29 23:18:45,Josh439,6,NG please don't plummet by tomorrow morning. That's all I ask.
2019-12-29 23:18:43,MediumWellAutism,11,Jpow and the repo boys gonna pump the market up along with SPY ceo trump
2019-12-29 23:15:44,CblastNA,14,Loading up on $1905 AMZN Calls expiring 01/03
2019-12-29 23:14:23,,11,FUTURES WERE BLOOD GREEN ON FRIDAY TOO BUT WE CLOSED BLOOD RED. DO NOT GET BAITED BY THESE PJ TRADERS BULLS. WE MUST KEEP PRAYING UNTIL MARKET CLOSE TOMORROW.
2019-12-29 23:14:11,mynameisjoe78,34,How lonely are you all? Going through a break up rn but at least I made 1.5k last week thanks to all the spare time I had
2019-12-29 23:13:47,0116,4,"futures barely moving, tomorrow should be interesting"
2019-12-29 23:13:12,PleaseBuffTechies,5,Get beaten up at my bjj class then get beaten up by the SPPI puts I sold.
2019-12-29 23:12:06,The_Pandemonium,6,"FUTURES BLOOD GREEN!!!! 

^^I ^^actually ^^dont ^^know ^^what ^^im ^^looking ^^at"
2019-12-29 23:10:35,Midgetfarm,10,"u/hinduhamma makes a living jerking

On the street corner find him twerking

If you need to blow a load

Give him 5$ and off you go"
2019-12-29 23:09:39,Malokium,5,Futures green fuck you bears! (Please save my AMZN 1910 1/3s and AAPL 290 1/3s)
2019-12-29 23:09:35,mynameisjoe78,7,Looks like the 4k I got in spy calls at Fridayâ€™s close wasnâ€™t a horrible idea
2019-12-29 23:07:21,winkerpack,1,Are you heterosexual?
2019-12-29 23:06:10,option-whisperer,4,ES opened green. Green day tomorrow.
2019-12-29 23:03:58,wolf_of_wall_mart,1,anyone frequent/ ever been invited to Club 33?
2019-12-29 23:03:06,mauimikes,7,Collect more tendies from my SPCE calls ğŸš€ğŸš€ğŸš€
2019-12-29 23:02:37,Enra_,22,Calls are literally free money
2019-12-29 23:01:18,,2,Feels like forever ago since we had another new trade war cycle
2019-12-29 23:00:47,harleyg72,5,Blood Green ğŸ˜
2019-12-29 23:00:14,bluen,2,BYND?
2019-12-29 23:00:07,bobvonbobby,5,Here we goooooo
2019-12-29 22:55:37,0116,4,"futures look like they'll open green, 3240 on the bid"
2019-12-29 22:55:30,HowLongCanIMakeAName,25,Any boomers here remember when spy was below 320? What was it like?
2019-12-29 22:55:15,barbarian370,1,Buying more AGEEF and GTBIF
2019-12-29 22:55:11,skrrtingallday,2,"Atvi, ea, and ttwo all look like they are about to break out of their slumber and join the rest of the market.

Pton looks like it's about to reverse. I doubt there will be a short squeeze anytime soon, but I see a nice bounce to 30 this week.

Ebay if it can break 36.50 and hold it will most likely fill the gap. Twtr currently filling the gap.

Still not sure what roku wants to do. I see it going lower but I can be wrong."
2019-12-29 22:54:52,ShawnHans007,4,"who runs the fuckin wsb merch bullshit

im tryna get a hoodie with the jew"
2019-12-29 22:53:50,satireplusplus,7, blood green ğŸ“ˆ
2019-12-29 22:52:36,wolf_of_wall_mart,2,time to go to the store and buy a  laptop on boxing week. hopefully i find a good one
2019-12-29 22:52:22,MushuPork24,5,All in NIO calls
2019-12-29 22:51:26,brownhairybear,3,"REEEEEEEEE.........

ğŸ»ğŸ»ğŸ»ğŸ»ğŸ»ğŸ»ğŸ»

ğŸ†ğŸ’¦ğŸ’¦ğŸ’¦ğŸ’¦ğŸ’¦ğŸ’¦ğŸ’¦ğŸ’¦"
2019-12-29 22:50:42,PayMe4TradeIdeas,17,I gotta start wearing condom.  Gf refuses to take pills
2019-12-29 22:50:24,M0ngoos,8,Ten minutes until absurd over reaction and stress.
2019-12-29 22:47:36,yachtsandthots,5,[lmao fuck](https://m.youtube.com/watch?v=tnm3Fjs2G40)
2019-12-29 22:44:59,wolf_of_wall_mart,3,LOL neopets was initially funded by Scientology
2019-12-29 22:41:01,ensoul,14,"Prediction for 2020: stonks will go up, but precious metals will go even upper"
2019-12-29 22:40:53,AdaptedApes,7,"Sell my AMD calls and keep apple call for 320 on January 17th

Edit : sell everything and keep my$16 profit"
2019-12-29 22:39:30,thimblebrook,4,"Wife just said ""they couldn't find their hand with both assess."" I think the market is like that some days."
2019-12-29 22:36:52,silverrun101r,3,What options/stock book should I read during winter break?
2019-12-29 22:34:03,love2fuckbearasshoe,6,"HOLY SHIT MAN 

â€œ you â€œ on Netflix is fucken dope dude 
Just binge watch season 2 

Ruthless ceo approved man 


I have a lot of dis$ shares 


Of course 

But dis$ plus will not take down Netflix man 




But â€œ youâ€ on Netflix is fucken good not game of thrones good but different and cleaver"
2019-12-29 22:33:39,SVXYstinks,3,Is it time to take profits in $MO? Seems like itâ€™s stalled out at $50.
2019-12-29 22:32:20,mylarky,3,"If the market is somewhat stale, ie +/- 10 points on the /es, I'm going to sell a bundle of VIX ATM straddles at the close in hopes of a non-event overnight."
2019-12-29 22:28:54,,2,"futures dont mean shit. all the bulls got baited by BLOOD GREEN futures on friday, but then we fucking entered into a recession. god damn PJ traders"
2019-12-29 22:28:17,Blackesst,1,I know one of you guys is an algo trader/quant. Tell me how to derive a strategy for my algo please.
2019-12-29 22:26:04,NelsonTingles,6,"Dolphins beat the Pats, SPY to 310 tomorrow"
2019-12-29 22:23:52,oregon_forever,12,"When you try to re-arrange your positions to salvage them.

https://imgur.com/gallery/PGYq43y"
2019-12-29 22:23:40,ToDaAtmosphere,5,"Buy $26 PTON calls expiring Friday at open, looking to close out same or next day."
2019-12-29 22:22:25,SVXYstinks,10,Where my gold and silver crew at? ğŸ¥‡ğŸ¥ˆ
2019-12-29 22:22:22,ilovewsb,4,I love when people comment â€œfake and gayâ€ makes me laugh so hard for some reason. Am I retarded?
2019-12-29 22:20:27,Luv2fukmarrriedwomen,2,What do you guys think nio will finish at tomorrow?
2019-12-29 22:19:41,DittoMystery,4,"All in on $NFLX February puts. My DD tells me they're in for a long, slow decline unless they can solve their negative cash flow and growth decline issues that do not justify a 105 P/E."
2019-12-29 22:17:06,ilovewsb,2,FDX Call credit spreads ? I see no reason for it moving up with 2 horrific earnings in a row
2019-12-29 22:15:34,DrUNC83,8,Iâ€™m at work and scared to fart because I need to take a dump so bad.  I try to avoid public restrooms at all costs.  Wish me luck! 2 more hours until home.
2019-12-29 22:15:13,Midgetfarm,-1,Hii
2019-12-29 22:14:29,soAsian,8,2020 $TSLA MOON to MARS! SpaceX IPO open @469.69!!!
2019-12-29 22:10:16,lunarinferno,4,NIO - Bought $2.5 call and $2 put exp Jan 03rd.
2019-12-29 22:07:47,Not-The-Government-,5,"Im on a boat right now and might have my time zones messed up, but i thought futures were supposed to open 7 mins ago. What time is it in NYC?"
2019-12-29 22:07:18,triptamimico,6,Amazon to 2300 is possible within the next 6 months?
2019-12-29 22:04:45,,7,my weed order is about to execute!
2019-12-29 22:02:43,NukedOgre,13,"Honestly, Im looking at 5x on this trade in 30 days. EPZM. Stupidly easy money. Im going in heavy on Feb 25$ calls."
2019-12-29 22:00:33,wolf_of_wall_mart,8,"Personal challenge, get sloppy by the time futures open see you boys in an hour"
2019-12-29 21:56:45,winkerpack,25,"hereâ€™s to another day of making all the wrong moves and losing money 

ğŸ» boys"
2019-12-29 21:51:18,oregon_forever,23,How the fuck do people wake up at 6 am or even earlier? I have trouble waking up at 8 am and I start working at 9.
2019-12-29 21:45:21,TUGBOATCHAMPION,36,"I decided to go to disneyland over the holidays to scout out some fine DD for the folks here at WSB. Kids and wife came along too.
When I was standing in line, I heard someone loudly utter ahead of me in a bit of a scoffish tone, ""I'm only here to get a picture with a millennium vaccuum"".
Letting everyone around him know that he was too much of an adult to enjoy winnie the pooh, the kind of latent insecurity only a true man-child could display.

Now, bear in mind, this looked exactly like the kind of guy you would expect to say something like that. Mid 20's, receding hairline, big piggy belly,
acne, awful ungroomed upper liphair which I assume he calls a mustache. What we had here was the work of millions of years of evolution fending off aggressors, 
foraging, surviving, procreating, and rearing offspring to come to an abrupt dead end as a white stain on an anime body pillow. 

That's when it hit me, the brilliance of the mouse. You see, other companies are concerned about the audience of their market. 
What is their market penetration among latinos, chinese, the 12-18 age group, etc. 

The Disney theme parks are far beyond having to worry about that. That's because every man knows when
he takes off the rubber because ""it just feels better"", and that spermatozoa hits the egg, there is the unescapable truth that he will walking
through those gates at sometime in his future no matter his race. 
From the mouse's perspective, it's already priced in. His small ""whoopsie"" is included in the 2030 revenue forecase.

The only ones capable of escaping this inevitability are those who have no possibility of ever producing off-spring. 
The lucasfilm acquisition was a strategic penetration into the virgin market, the last untapped source of revenue growth.


TL;DR
No one escapes the mouse. Long acquisition targets for the man-child market ($R&M, $WHO, $PONY)"
2019-12-29 21:45:08,slickmizzle,1,Anyone have success with selling spreads ? Looking to focus on spreads in 2020.
2019-12-29 21:44:59,cloudneb,2,Thoughts on SNAP?
2019-12-29 21:41:15,PatientCamera,1,"I have a risk tolerance of <20$, so probably more shit penny stonks.

Edit: am retard, put symbol wrong way"
2019-12-29 21:38:56,ImOpAfLmao,43,SPY CALLS
2019-12-29 21:37:59,oregon_forever,13,"Bulls lose money when the market is down.

Bears lose money when the market is up.

Theta fuckers lose money no matter where the market goes (even on flat days like last Friday)."
2019-12-29 21:36:38,brownhairybear,6,"Red day tomorrow or ban me!!

If its a red day flair me."
2019-12-29 21:34:51,but-this-one-is-mine,5,Is tesla earnings 29th or 22nd?
2019-12-29 21:32:21,wowasg,5,People keep asking if I'm back. Well I transferred 5k into TD so I guess I'm back.
2019-12-29 21:31:56,AimMoreBetter,2,Earnings whisper has to be one of the worst designed websites in the financial world.
2019-12-29 21:28:17,WSByolobaggins,9,">""During the final five trading days of the year and the first two trading days of the new year, the S&P 500 has posted a 1.3% gain on average since 1950, according to the Stock Traderâ€™s Almanac.""

From investing.com ""Economic Calendar - Top 5 Things to Watch This Week"" article"
2019-12-29 21:27:35,,12,"Chinese $ is up. Asian market is up, Futures are up. Praying I wake up to a portfolio that is fuckin it up"
2019-12-29 21:26:24,buy_the_peaks,8,What are your next leaps and do you buy now or wait a month or so? Looking for BA soon myself.
2019-12-29 21:26:15,progamer123E,8,No  just got a feeling itâ€™s a Green Day. No bad news and stock market hitting all time highs just makes it go higher
2019-12-29 21:22:55,fatnsassy69,8,praying my spy 323 calls aren't fucked
2019-12-29 21:20:35,buickblazer,19,"I'm going to make more realistic safe investments, instead of just buying random options with my gut feeling."
2019-12-29 21:20:24,winkerpack,3,Its 4:20
2019-12-29 21:17:49,Not_reddits,0,.
2019-12-29 21:15:39,Gbabywireless,14,"I'm off work until Thursday and my girlfriend will be working which means I can dedicate the next two days to living and dieing with every peak and trough of SPY, AMD and AAPL. so excited"
2019-12-29 21:14:57,ebkallday1,3,Buy buy buy
2019-12-29 21:14:44,WorthyAlpaca,8,AMZN 1950?
2019-12-29 21:14:12,,-3,Gonna be red dead tomorrow.....plz
2019-12-29 21:09:58,,16,Buy as many AMZN weeklies I can and watch all my money evaporate
2019-12-29 21:09:55,HowLongCanIMakeAName,1,Wtf where the ğŸ…±ï¸eekend thread at
2019-12-29 21:08:07,gatoken1,3,Gay
2019-12-29 21:08:00,WrongTechnician,7,If you were going to rehab for a month how would you set up your portfolio knowing you couldnâ€™t trade the whole time?
2019-12-29 21:06:32,urmommasman,7,Fisting from bezos
2019-12-29 21:05:55,TheHydroElite,5,STONK ATTONK!!!!
2019-12-29 21:05:32,onecryingjohnny,7,Buy the stocks
